{
    "targets": {
        "release": {
            "outFile": "build/MyToken.wasm"
        }
    },
    "options": {
        "sourceMap": false,
        "optimizeLevel": 3,
        "shrinkLevel": 1,
        "converge": true,
        "noAssert": false,
        "enable": [
            "sign-extension",
            "mutable-globals",
            "nontrapping-f2i",
            "bulk-memory",
            "simd",
            "reference-types",
            "multi-value"
        ],
        "runtime": "stub",
        "memoryBase": 0,
        "initialMemory": 1,
        "exportStart": "start",
        "use": [
            "abort=src/index/abort"
        ],
        "transform": "@btc-vision/opnet-transform"
    }
}
